<?xml version="1.0" encoding="UTF-8"?>
<project-private xmlns="http://www.netbeans.org/ns/project-private/1">
    <editor-bookmarks xmlns="http://www.netbeans.org/ns/editor-bookmarks/2" lastBookmarkId="0"/>
    <open-files xmlns="http://www.netbeans.org/ns/projectui-open-files/2">
        <group>
            <file>file:/C:/Users/mlondin/OneDrive%20-%20Royal%20Eswatini%20National%20Airways%20Corporation/Documents/NetBeansProjects/ProducerConsumer/src/producerconsumer/ITStudent.java</file>
            <file>file:/C:/Users/mlondin/OneDrive%20-%20Royal%20Eswatini%20National%20Airways%20Corporation/Documents/NetBeansProjects/ProducerConsumer/src/producerconsumer/ProducerConsumer.java</file>
        </group>
    </open-files>
</project-private>
